{"cameraMode":{"drawMode":0,"name":"Shaded","section":"Shading Mode"},"sceneLighting":true,"audioPlay":false,"sceneViewState":{"showFog":true,"showMaterialUpdate":false,"showSkybox":false,"showFlares":true,"showImageEffects":true,"showParticleSystems":true},"in2DMode":false,"pivot":{"x":-226.7537078857422,"y":8.808724403381348,"z":-207.6476593017578},"rotation":{"x":0.2002950757741928,"y":0.37764817476272585,"z":-0.08499984443187714,"w":0.9001694917678833},"size":12.12435531616211,"orthographic":false}