{"cameraMode":{"drawMode":0,"name":"Shaded","section":"Shading Mode"},"sceneLighting":false,"audioPlay":false,"sceneViewState":{"showFog":true,"showMaterialUpdate":false,"showSkybox":true,"showFlares":true,"showImageEffects":true,"showParticleSystems":true},"in2DMode":false,"pivot":{"x":160.25816345214845,"y":6.1547441482543949,"z":-37.651161193847659},"rotation":{"x":-0.02348223514854908,"y":-0.4233781695365906,"z":0.010976983234286309,"w":-0.9055821895599365},"size":11.11859130859375,"orthographic":false}