{"cameraMode":{"drawMode":0,"name":"Shaded","section":"Shading Mode"},"sceneLighting":false,"audioPlay":false,"sceneViewState":{"showFog":true,"showMaterialUpdate":false,"showSkybox":true,"showFlares":true,"showImageEffects":true,"showParticleSystems":true},"in2DMode":false,"pivot":{"x":159.0706024169922,"y":5.316662788391113,"z":-37.944698333740237},"rotation":{"x":0.025384927168488504,"y":0.9745246767997742,"z":-0.1641998440027237,"w":0.15065088868141175},"size":12.788070678710938,"orthographic":false}