{"cameraMode":{"drawMode":0,"name":"Shaded","section":"Shading Mode"},"sceneLighting":false,"audioPlay":false,"sceneViewState":{"showFog":true,"showMaterialUpdate":false,"showSkybox":true,"showFlares":true,"showImageEffects":true,"showParticleSystems":true},"in2DMode":false,"pivot":{"x":-43.92591094970703,"y":0.06328124552965164,"z":91.60210418701172},"rotation":{"x":0.13960476219654084,"y":0.5670195817947388,"z":-0.09821994602680206,"w":0.8058239221572876},"size":16.305194854736329,"orthographic":false}