{"cameraMode":{"drawMode":0,"name":"Shaded","section":"Shading Mode"},"sceneLighting":false,"audioPlay":false,"sceneViewState":{"showFog":true,"showMaterialUpdate":false,"showSkybox":true,"showFlares":true,"showImageEffects":true,"showParticleSystems":true},"in2DMode":false,"pivot":{"x":-46.0999755859375,"y":-2.6131041049957277,"z":91.13565826416016},"rotation":{"x":0.08744806051254273,"y":-0.18011030554771424,"z":0.01608925685286522,"w":0.9796195030212402},"size":44.60786056518555,"orthographic":false}