{"cameraMode":{"drawMode":0,"name":"Shaded","section":"Shading Mode"},"sceneLighting":true,"audioPlay":false,"sceneViewState":{"showFog":true,"showMaterialUpdate":false,"showSkybox":true,"showFlares":true,"showImageEffects":true,"showParticleSystems":true},"in2DMode":false,"pivot":{"x":-56.56453323364258,"y":-7.30522346496582,"z":210.25245666503907},"rotation":{"x":0.30137336254119875,"y":0.050080250948667529,"z":-0.015844594687223436,"w":0.9520583748817444},"size":22.0,"orthographic":false}