{"cameraMode":{"drawMode":0,"name":"Shaded","section":"Shading Mode"},"sceneLighting":false,"audioPlay":false,"sceneViewState":{"showFog":true,"showMaterialUpdate":false,"showSkybox":true,"showFlares":true,"showImageEffects":true,"showParticleSystems":true},"in2DMode":false,"pivot":{"x":11.251701354980469,"y":3.0493266582489015,"z":19.79416847229004},"rotation":{"x":0.08744806051254273,"y":-0.18011030554771424,"z":0.01608925685286522,"w":0.9796195030212402},"size":2.1170639991760256,"orthographic":false}